comd,auction_time,opening_time,closing_time
AP,,09:00:00,10:15:00
AP,,10:30:00,11:30:00
AP,,13:30:00,15:00:00
APC,,09:00:00,10:15:00
APC,,10:30:00,11:30:00
APC,,13:30:00,15:00:00
APP,,09:00:00,10:15:00
APP,,10:30:00,11:30:00
APP,,13:30:00,15:00:00
CF,,21:00:00,23:00:00
CF,,09:00:00,10:15:00
CF,,10:30:00,11:30:00
CF,,13:30:00,15:00:00
CFC,,21:00:00,23:00:00
CFC,,09:00:00,10:15:00
CFC,,10:30:00,11:30:00
CFC,,13:30:00,15:00:00
CFP,,21:00:00,23:00:00
CFP,,09:00:00,10:15:00
CFP,,10:30:00,11:30:00
CFP,,13:30:00,15:00:00
CJ,,09:00:00,10:15:00
CJ,,10:30:00,11:30:00
CJ,,13:30:00,15:00:00
CJC,,09:00:00,10:15:00
CJC,,10:30:00,11:30:00
CJC,,13:30:00,15:00:00
CJP,,09:00:00,10:15:00
CJP,,10:30:00,11:30:00
CJP,,13:30:00,15:00:00
CY,,21:00:00,23:00:00
CY,,09:00:00,10:15:00
CY,,10:30:00,11:30:00
CY,,13:30:00,15:00:00
FG,,21:00:00,23:00:00
FG,,09:00:00,10:15:00
FG,,10:30:00,11:30:00
FG,,13:30:00,15:00:00
FGC,,21:00:00,23:00:00
FGC,,09:00:00,10:15:00
FGC,,10:30:00,11:30:00
FGC,,13:30:00,15:00:00
FGP,,21:00:00,23:00:00
FGP,,09:00:00,10:15:00
FGP,,10:30:00,11:30:00
FGP,,13:30:00,15:00:00
HO,09:25:00,09:30:00,11:30:00
HO,,13:00:00,15:00:00
IC,09:25:00,09:30:00,11:30:00
IC,,13:00:00,15:00:00
IF,09:25:00,09:30:00,11:30:00
IF,,13:00:00,15:00:00
IH,09:25:00,09:30:00,11:30:00
IH,,13:00:00,15:00:00
IM,09:25:00,09:30:00,11:30:00
IM,,13:00:00,15:00:00
IO,09:25:00,09:30:00,11:30:00
IO,,13:00:00,15:00:00
JR,,09:00:00,10:15:00
JR,,10:30:00,11:30:00
JR,,13:30:00,15:00:00
LR,,09:00:00,10:15:00
LR,,10:30:00,11:30:00
LR,,13:30:00,15:00:00
MA,,21:00:00,23:00:00
MA,,09:00:00,10:15:00
MA,,10:30:00,11:30:00
MA,,13:30:00,15:00:00
MAC,,21:00:00,23:00:00
MAC,,09:00:00,10:15:00
MAC,,10:30:00,11:30:00
MAC,,13:30:00,15:00:00
MAP,,21:00:00,23:00:00
MAP,,09:00:00,10:15:00
MAP,,10:30:00,11:30:00
MAP,,13:30:00,15:00:00
MO,09:25:00,09:30:00,11:30:00
MO,,13:00:00,15:00:00
OI,,21:00:00,23:00:00
OI,,09:00:00,10:15:00
OI,,10:30:00,11:30:00
OI,,13:30:00,15:00:00
OIC,,21:00:00,23:00:00
OIC,,09:00:00,10:15:00
OIC,,10:30:00,11:30:00
OIC,,13:30:00,15:00:00
OIP,,21:00:00,23:00:00
OIP,,09:00:00,10:15:00
OIP,,10:30:00,11:30:00
OIP,,13:30:00,15:00:00
PF,,21:00:00,23:00:00
PF,,09:00:00,10:15:00
PF,,10:30:00,11:30:00
PF,,13:30:00,15:00:00
PFC,,21:00:00,23:00:00
PFC,,09:00:00,10:15:00
PFC,,10:30:00,11:30:00
PFC,,13:30:00,15:00:00
PFP,,21:00:00,23:00:00
PFP,,09:00:00,10:15:00
PFP,,10:30:00,11:30:00
PFP,,13:30:00,15:00:00
PK,,09:00:00,10:15:00
PK,,10:30:00,11:30:00
PK,,13:30:00,15:00:00
PKC,,09:00:00,10:15:00
PKC,,10:30:00,11:30:00
PKC,,13:30:00,15:00:00
PKP,,09:00:00,10:15:00
PKP,,10:30:00,11:30:00
PKP,,13:30:00,15:00:00
PL,,21:00:00,23:00:00
PL,,09:00:00,10:15:00
PL,,10:30:00,11:30:00
PL,,13:30:00,15:00:00
PLC,,21:00:00,23:00:00
PLC,,09:00:00,10:15:00
PLC,,10:30:00,11:30:00
PLC,,13:30:00,15:00:00
PLP,,21:00:00,23:00:00
PLP,,09:00:00,10:15:00
PLP,,10:30:00,11:30:00
PLP,,13:30:00,15:00:00
PM,,09:00:00,10:15:00
PM,,10:30:00,11:30:00
PM,,13:30:00,15:00:00
PR,,21:00:00,23:00:00
PR,,09:00:00,10:15:00
PR,,10:30:00,11:30:00
PR,,13:30:00,15:00:00
PRC,,21:00:00,23:00:00
PRC,,09:00:00,10:15:00
PRC,,10:30:00,11:30:00
PRC,,13:30:00,15:00:00
PRP,,21:00:00,23:00:00
PRP,,09:00:00,10:15:00
PRP,,10:30:00,11:30:00
PRP,,13:30:00,15:00:00
PX,,21:00:00,23:00:00
PX,,09:00:00,10:15:00
PX,,10:30:00,11:30:00
PX,,13:30:00,15:00:00
PXC,,21:00:00,23:00:00
PXC,,09:00:00,10:15:00
PXC,,10:30:00,11:30:00
PXC,,13:30:00,15:00:00
PXP,,21:00:00,23:00:00
PXP,,09:00:00,10:15:00
PXP,,10:30:00,11:30:00
PXP,,13:30:00,15:00:00
RI,,09:00:00,10:15:00
RI,,10:30:00,11:30:00
RI,,13:30:00,15:00:00
RM,,21:00:00,23:00:00
RM,,09:00:00,10:15:00
RM,,10:30:00,11:30:00
RM,,13:30:00,15:00:00
RMC,,21:00:00,23:00:00
RMC,,09:00:00,10:15:00
RMC,,10:30:00,11:30:00
RMC,,13:30:00,15:00:00
RMP,,21:00:00,23:00:00
RMP,,09:00:00,10:15:00
RMP,,10:30:00,11:30:00
RMP,,13:30:00,15:00:00
RS,,09:00:00,10:15:00
RS,,10:30:00,11:30:00
RS,,13:30:00,15:00:00
SA,,21:00:00,23:00:00
SA,,09:00:00,10:15:00
SA,,10:30:00,11:30:00
SA,,13:30:00,15:00:00
SAC,,21:00:00,23:00:00
SAC,,09:00:00,10:15:00
SAC,,10:30:00,11:30:00
SAC,,13:30:00,15:00:00
SAP,,21:00:00,23:00:00
SAP,,09:00:00,10:15:00
SAP,,10:30:00,11:30:00
SAP,,13:30:00,15:00:00
SF,,09:00:00,10:15:00
SF,,10:30:00,11:30:00
SF,,13:30:00,15:00:00
SFC,,09:00:00,10:15:00
SFC,,10:30:00,11:30:00
SFC,,13:30:00,15:00:00
SFP,,09:00:00,10:15:00
SFP,,10:30:00,11:30:00
SFP,,13:30:00,15:00:00
SH,,21:00:00,23:00:00
SH,,09:00:00,10:15:00
SH,,10:30:00,11:30:00
SH,,13:30:00,15:00:00
SHC,,21:00:00,23:00:00
SHC,,09:00:00,10:15:00
SHC,,10:30:00,11:30:00
SHC,,13:30:00,15:00:00
SHP,,21:00:00,23:00:00
SHP,,09:00:00,10:15:00
SHP,,10:30:00,11:30:00
SHP,,13:30:00,15:00:00
SM,,09:00:00,10:15:00
SM,,10:30:00,11:30:00
SM,,13:30:00,15:00:00
SMC,,09:00:00,10:15:00
SMC,,10:30:00,11:30:00
SMC,,13:30:00,15:00:00
SMP,,09:00:00,10:15:00
SMP,,10:30:00,11:30:00
SMP,,13:30:00,15:00:00
SR,,21:00:00,23:00:00
SR,,09:00:00,10:15:00
SR,,10:30:00,11:30:00
SR,,13:30:00,15:00:00
SRC,,21:00:00,23:00:00
SRC,,09:00:00,10:15:00
SRC,,10:30:00,11:30:00
SRC,,13:30:00,15:00:00
SRP,,21:00:00,23:00:00
SRP,,09:00:00,10:15:00
SRP,,10:30:00,11:30:00
SRP,,13:30:00,15:00:00
T,09:25:00,09:30:00,11:30:00
T,,13:00:00,15:15:00
TA,,21:00:00,23:00:00
TA,,09:00:00,10:15:00
TA,,10:30:00,11:30:00
TA,,13:30:00,15:00:00
TAC,,21:00:00,23:00:00
TAC,,09:00:00,10:15:00
TAC,,10:30:00,11:30:00
TAC,,13:30:00,15:00:00
TAP,,21:00:00,23:00:00
TAP,,09:00:00,10:15:00
TAP,,10:30:00,11:30:00
TAP,,13:30:00,15:00:00
TF,09:25:00,09:30:00,11:30:00
TF,,13:00:00,15:15:00
TL,09:25:00,09:30:00,11:30:00
TL,,13:00:00,15:15:00
TS,09:25:00,09:30:00,11:30:00
TS,,13:00:00,15:15:00
UR,,09:00:00,10:15:00
UR,,10:30:00,11:30:00
UR,,13:30:00,15:00:00
URC,,09:00:00,10:15:00
URC,,10:30:00,11:30:00
URC,,13:30:00,15:00:00
URP,,09:00:00,10:15:00
URP,,10:30:00,11:30:00
URP,,13:30:00,15:00:00
WH,,09:00:00,10:15:00
WH,,10:30:00,11:30:00
WH,,13:30:00,15:00:00
ZC,,21:00:00,23:00:00
ZC,,09:00:00,10:15:00
ZC,,10:30:00,11:30:00
ZC,,13:30:00,15:00:00
ZCC,,21:00:00,23:00:00
ZCC,,09:00:00,10:15:00
ZCC,,10:30:00,11:30:00
ZCC,,13:30:00,15:00:00
ZCP,,21:00:00,23:00:00
ZCP,,09:00:00,10:15:00
ZCP,,10:30:00,11:30:00
ZCP,,13:30:00,15:00:00
a,20:55:00,21:00:00,23:00:00
a,,09:00:00,10:15:00
a,,10:30:00,11:30:00
a,,13:30:00,15:00:00
a_o,20:55:00,21:00:00,23:00:00
a_o,,09:00:00,10:15:00
a_o,,10:30:00,11:30:00
a_o,,13:30:00,15:00:00
ad,20:55:00,21:00:00,02:30:00
ad,,09:00:00,10:15:00
ad,,10:30:00,11:30:00
ad,,13:30:00,15:00:00
ad_o,20:55:00,21:00:00,02:30:00
ad_o,,09:00:00,10:15:00
ad_o,,10:30:00,11:30:00
ad_o,,13:30:00,15:00:00
ag,20:55:00,21:00:00,02:30:00
ag,,09:00:00,10:15:00
ag,,10:30:00,11:30:00
ag,,13:30:00,15:00:00
ag_o,20:55:00,21:00:00,02:30:00
ag_o,,09:00:00,10:15:00
ag_o,,10:30:00,11:30:00
ag_o,,13:30:00,15:00:00
al,20:55:00,21:00:00,01:00:00
al,,09:00:00,10:15:00
al,,10:30:00,11:30:00
al,,13:30:00,15:00:00
al_o,20:55:00,21:00:00,01:00:00
al_o,,09:00:00,10:15:00
al_o,,10:30:00,11:30:00
al_o,,13:30:00,15:00:00
ao,20:55:00,21:00:00,01:00:00
ao,,09:00:00,10:15:00
ao,,10:30:00,11:30:00
ao,,13:30:00,15:00:00
ao_o,20:55:00,21:00:00,01:00:00
ao_o,,09:00:00,10:15:00
ao_o,,10:30:00,11:30:00
ao_o,,13:30:00,15:00:00
au,20:55:00,21:00:00,02:30:00
au,,09:00:00,10:15:00
au,,10:30:00,11:30:00
au,,13:30:00,15:00:00
au_o,20:55:00,21:00:00,02:30:00
au_o,,09:00:00,10:15:00
au_o,,10:30:00,11:30:00
au_o,,13:30:00,15:00:00
b,20:55:00,21:00:00,23:00:00
b,,09:00:00,10:15:00
b,,10:30:00,11:30:00
b,,13:30:00,15:00:00
b_o,20:55:00,21:00:00,23:00:00
b_o,,09:00:00,10:15:00
b_o,,10:30:00,11:30:00
b_o,,13:30:00,15:00:00
bb,08:55:00,09:00:00,10:15:00
bb,,10:30:00,11:30:00
bb,,13:30:00,15:00:00
bc,20:55:00,21:00:00,01:00:00
bc,,09:00:00,10:15:00
bc,,10:30:00,11:30:00
bc,,13:30:00,15:00:00
br,20:55:00,21:00:00,23:00:00
br,,09:00:00,10:15:00
br,,10:30:00,11:30:00
br,,13:30:00,15:00:00
br_o,20:55:00,21:00:00,23:00:00
br_o,,09:00:00,10:15:00
br_o,,10:30:00,11:30:00
br_o,,13:30:00,15:00:00
bu,20:55:00,21:00:00,23:00:00
bu,,09:00:00,10:15:00
bu,,10:30:00,11:30:00
bu,,13:30:00,15:00:00
bu_o,20:55:00,21:00:00,23:00:00
bu_o,,09:00:00,10:15:00
bu_o,,10:30:00,11:30:00
bu_o,,13:30:00,15:00:00
bz,20:55:00,21:00:00,23:00:00
bz,,09:00:00,10:15:00
bz,,10:30:00,11:30:00
bz,,13:30:00,15:00:00
bz_o,20:55:00,21:00:00,23:00:00
bz_o,,09:00:00,10:15:00
bz_o,,10:30:00,11:30:00
bz_o,,13:30:00,15:00:00
c,20:55:00,21:00:00,23:00:00
c,,09:00:00,10:15:00
c,,10:30:00,11:30:00
c,,13:30:00,15:00:00
c_o,20:55:00,21:00:00,23:00:00
c_o,,09:00:00,10:15:00
c_o,,10:30:00,11:30:00
c_o,,13:30:00,15:00:00
cs,20:55:00,21:00:00,23:00:00
cs,,09:00:00,10:15:00
cs,,10:30:00,11:30:00
cs,,13:30:00,15:00:00
cs_o,20:55:00,21:00:00,23:00:00
cs_o,,09:00:00,10:15:00
cs_o,,10:30:00,11:30:00
cs_o,,13:30:00,15:00:00
cu,20:55:00,21:00:00,01:00:00
cu,,09:00:00,10:15:00
cu,,10:30:00,11:30:00
cu,,13:30:00,15:00:00
cu_o,20:55:00,21:00:00,01:00:00
cu_o,,09:00:00,10:15:00
cu_o,,10:30:00,11:30:00
cu_o,,13:30:00,15:00:00
eb,20:55:00,21:00:00,23:00:00
eb,,09:00:00,10:15:00
eb,,10:30:00,11:30:00
eb,,13:30:00,15:00:00
eb_o,20:55:00,21:00:00,23:00:00
eb_o,,09:00:00,10:15:00
eb_o,,10:30:00,11:30:00
eb_o,,13:30:00,15:00:00
ec,08:55:00,09:00:00,10:15:00
ec,,10:30:00,11:30:00
ec,,13:30:00,15:00:00
eg,20:55:00,21:00:00,23:00:00
eg,,09:00:00,10:15:00
eg,,10:30:00,11:30:00
eg,,13:30:00,15:00:00
eg_o,20:55:00,21:00:00,23:00:00
eg_o,,09:00:00,10:15:00
eg_o,,10:30:00,11:30:00
eg_o,,13:30:00,15:00:00
fb,08:55:00,09:00:00,10:15:00
fb,,10:30:00,11:30:00
fb,,13:30:00,15:00:00
fu,20:55:00,21:00:00,23:00:00
fu,,09:00:00,10:15:00
fu,,10:30:00,11:30:00
fu,,13:30:00,15:00:00
fu_o,20:55:00,21:00:00,23:00:00
fu_o,,09:00:00,10:15:00
fu_o,,10:30:00,11:30:00
fu_o,,13:30:00,15:00:00
hc,20:55:00,21:00:00,23:00:00
hc,,09:00:00,10:15:00
hc,,10:30:00,11:30:00
hc,,13:30:00,15:00:00
i,20:55:00,21:00:00,23:00:00
i,,09:00:00,10:15:00
i,,10:30:00,11:30:00
i,,13:30:00,15:00:00
i_o,20:55:00,21:00:00,23:00:00
i_o,,09:00:00,10:15:00
i_o,,10:30:00,11:30:00
i_o,,13:30:00,15:00:00
j,20:55:00,21:00:00,23:00:00
j,,09:00:00,10:15:00
j,,10:30:00,11:30:00
j,,13:30:00,15:00:00
jd,08:55:00,09:00:00,10:15:00
jd,,10:30:00,11:30:00
jd,,13:30:00,15:00:00
jd_o,08:55:00,09:00:00,10:15:00
jd_o,,10:30:00,11:30:00
jd_o,,13:30:00,15:00:00
jm,20:55:00,21:00:00,23:00:00
jm,,09:00:00,10:15:00
jm,,10:30:00,11:30:00
jm,,13:30:00,15:00:00
l,20:55:00,21:00:00,23:00:00
l,,09:00:00,10:15:00
l,,10:30:00,11:30:00
l,,13:30:00,15:00:00
l_o,20:55:00,21:00:00,23:00:00
l_o,,09:00:00,10:15:00
l_o,,10:30:00,11:30:00
l_o,,13:30:00,15:00:00
lc,08:55:00,09:00:00,10:15:00
lc,,10:30:00,11:30:00
lc,,13:30:00,15:00:00
lc_o,08:55:00,09:00:00,10:15:00
lc_o,,10:30:00,11:30:00
lc_o,,13:30:00,15:00:00
lg,08:55:00,09:00:00,10:15:00
lg,,10:30:00,11:30:00
lg,,13:30:00,15:00:00
lg_o,08:55:00,09:00:00,10:15:00
lg_o,,10:30:00,11:30:00
lg_o,,13:30:00,15:00:00
lh,08:55:00,09:00:00,10:15:00
lh,,10:30:00,11:30:00
lh,,13:30:00,15:00:00
lh_o,08:55:00,09:00:00,10:15:00
lh_o,,10:30:00,11:30:00
lh_o,,13:30:00,15:00:00
lu,20:55:00,21:00:00,23:00:00
lu,,09:00:00,10:15:00
lu,,10:30:00,11:30:00
lu,,13:30:00,15:00:00
m,20:55:00,21:00:00,23:00:00
m,,09:00:00,10:15:00
m,,10:30:00,11:30:00
m,,13:30:00,15:00:00
m_o,20:55:00,21:00:00,23:00:00
m_o,,09:00:00,10:15:00
m_o,,10:30:00,11:30:00
m_o,,13:30:00,15:00:00
ni,20:55:00,21:00:00,01:00:00
ni,,09:00:00,10:15:00
ni,,10:30:00,11:30:00
ni,,13:30:00,15:00:00
ni_o,20:55:00,21:00:00,01:00:00
ni_o,,09:00:00,10:15:00
ni_o,,10:30:00,11:30:00
ni_o,,13:30:00,15:00:00
nr,20:55:00,21:00:00,23:00:00
nr,,09:00:00,10:15:00
nr,,10:30:00,11:30:00
nr,,13:30:00,15:00:00
op,20:55:00,21:00:00,23:00:00
op,,09:00:00,10:15:00
op,,10:30:00,11:30:00
op,,13:30:00,15:00:00
op_o,20:55:00,21:00:00,23:00:00
op_o,,09:00:00,10:15:00
op_o,,10:30:00,11:30:00
op_o,,13:30:00,15:00:00
p,20:55:00,21:00:00,23:00:00
p,,09:00:00,10:15:00
p,,10:30:00,11:30:00
p,,13:30:00,15:00:00
p_o,20:55:00,21:00:00,23:00:00
p_o,,09:00:00,10:15:00
p_o,,10:30:00,11:30:00
p_o,,13:30:00,15:00:00
pb,20:55:00,21:00:00,01:00:00
pb,,09:00:00,10:15:00
pb,,10:30:00,11:30:00
pb,,13:30:00,15:00:00
pb_o,20:55:00,21:00:00,01:00:00
pb_o,,09:00:00,10:15:00
pb_o,,10:30:00,11:30:00
pb_o,,13:30:00,15:00:00
pg,20:55:00,21:00:00,23:00:00
pg,,09:00:00,10:15:00
pg,,10:30:00,11:30:00
pg,,13:30:00,15:00:00
pg_o,20:55:00,21:00:00,23:00:00
pg_o,,09:00:00,10:15:00
pg_o,,10:30:00,11:30:00
pg_o,,13:30:00,15:00:00
pp,20:55:00,21:00:00,23:00:00
pp,,09:00:00,10:15:00
pp,,10:30:00,11:30:00
pp,,13:30:00,15:00:00
pp_o,20:55:00,21:00:00,23:00:00
pp_o,,09:00:00,10:15:00
pp_o,,10:30:00,11:30:00
pp_o,,13:30:00,15:00:00
ps,08:55:00,09:00:00,10:15:00
ps,,10:30:00,11:30:00
ps,,13:30:00,15:00:00
ps_o,08:55:00,09:00:00,10:15:00
ps_o,,10:30:00,11:30:00
ps_o,,13:30:00,15:00:00
rb,20:55:00,21:00:00,23:00:00
rb,,09:00:00,10:15:00
rb,,10:30:00,11:30:00
rb,,13:30:00,15:00:00
rb_o,20:55:00,21:00:00,23:00:00
rb_o,,09:00:00,10:15:00
rb_o,,10:30:00,11:30:00
rb_o,,13:30:00,15:00:00
rr,20:55:00,21:00:00,23:00:00
rr,,09:00:00,10:15:00
rr,,10:30:00,11:30:00
rr,,13:30:00,15:00:00
ru,20:55:00,21:00:00,23:00:00
ru,,09:00:00,10:15:00
ru,,10:30:00,11:30:00
ru,,13:30:00,15:00:00
ru_o,20:55:00,21:00:00,23:00:00
ru_o,,09:00:00,10:15:00
ru_o,,10:30:00,11:30:00
ru_o,,13:30:00,15:00:00
sc,20:55:00,21:00:00,02:30:00
sc,,09:00:00,10:15:00
sc,,10:30:00,11:30:00
sc,,13:30:00,15:00:00
sc_o,20:55:00,21:00:00,02:30:00
sc_o,,09:00:00,10:15:00
sc_o,,10:30:00,11:30:00
sc_o,,13:30:00,15:00:00
si,08:55:00,09:00:00,10:15:00
si,,10:30:00,11:30:00
si,,13:30:00,15:00:00
si_o,08:55:00,09:00:00,10:15:00
si_o,,10:30:00,11:30:00
si_o,,13:30:00,15:00:00
sn,20:55:00,21:00:00,01:00:00
sn,,09:00:00,10:15:00
sn,,10:30:00,11:30:00
sn,,13:30:00,15:00:00
sn_o,20:55:00,21:00:00,01:00:00
sn_o,,09:00:00,10:15:00
sn_o,,10:30:00,11:30:00
sn_o,,13:30:00,15:00:00
sp,20:55:00,21:00:00,23:00:00
sp,,09:00:00,10:15:00
sp,,10:30:00,11:30:00
sp,,13:30:00,15:00:00
sp_o,20:55:00,21:00:00,23:00:00
sp_o,,09:00:00,10:15:00
sp_o,,10:30:00,11:30:00
sp_o,,13:30:00,15:00:00
ss,20:55:00,21:00:00,01:00:00
ss,,09:00:00,10:15:00
ss,,10:30:00,11:30:00
ss,,13:30:00,15:00:00
v,20:55:00,21:00:00,23:00:00
v,,09:00:00,10:15:00
v,,10:30:00,11:30:00
v,,13:30:00,15:00:00
v_o,20:55:00,21:00:00,23:00:00
v_o,,09:00:00,10:15:00
v_o,,10:30:00,11:30:00
v_o,,13:30:00,15:00:00
wr,08:55:00,09:00:00,10:15:00
wr,,10:30:00,11:30:00
wr,,13:30:00,15:00:00
y,20:55:00,21:00:00,23:00:00
y,,09:00:00,10:15:00
y,,10:30:00,11:30:00
y,,13:30:00,15:00:00
y_o,20:55:00,21:00:00,23:00:00
y_o,,09:00:00,10:15:00
y_o,,10:30:00,11:30:00
y_o,,13:30:00,15:00:00
zn,20:55:00,21:00:00,01:00:00
zn,,09:00:00,10:15:00
zn,,10:30:00,11:30:00
zn,,13:30:00,15:00:00
zn_o,20:55:00,21:00:00,01:00:00
zn_o,,09:00:00,10:15:00
zn_o,,10:30:00,11:30:00
zn_o,,13:30:00,15:00:00
